{"sepal length": 8.268757770393734, "sepal width": 1.7265163735264633, "petal length": 73.81658961469292, "petal width": 26.652816473608393, "New Feature 1": 0.01809391480970758, "New Feature 2": 21.742404236347276}