{"sepal length": {"lower_bound": -2.3041235502844692, "upper_bound": 2.633284057467963}, "sepal width": {"lower_bound": -2.054741757451758, "upper_bound": 2.5454263562462076}, "petal length": {"lower_bound": -2.324600701754384, "upper_bound": 7.487120860215056}, "petal width": {"lower_bound": -1.2393866666666669, "upper_bound": 2.8240355555555556}}