{"sepal length": {"lower_bound": -2.3041235502844692, "upper_bound": 2.633284057467963}, "sepal width": {"lower_bound": -2.054741757451758, "upper_bound": 2.5454263562462076}, "petal length": {"lower_bound": -3.4477425559298607, "upper_bound": 2.113132534279593}, "petal width": {"lower_bound": -3.1946786569493764, "upper_bound": 2.1297857712995847}}