,sepal length,sepal width,petal length,petal width,New Feature 1,New Feature 2,class
15,5.7,4.4,1.5,0.4,1.403404995,2.4296023669999998,1
33,5.5,4.2,1.4,0.2,1.158511389,2.058599847,1
60,5.0,2.0,3.5,1.0,1.1505617879999999,3.03661842,2
