{"lower_bound": -2.054741757451758, "upper_bound": 2.5454263562462076}