sepal length,sepal width,petal length,petal width,New Feature 1,New Feature 2,PCA 1,PCA 2,class
5.7,4.4,1.5,0.4,1.403404995,2.4296023669999998,-2.383869323799375,-1.344754344559862,1
5.5,4.2,1.4,0.2,1.158511389,2.058599847,-2.5971594770759183,-1.1000219280072683,1
5.0,2.0,3.5,1.0,1.1505617879999999,3.03661842,-0.5110861958950905,1.2624919538621404,2
