{"Eigen_Value_4.886938902706858": [0.33780352794743856, 0.7166554646443699, 0.15110914503559675, 0.49816648103741645, -0.3134652710238993, 0.055040247282746736], "Eigen_Value_0.22047456042728097": [-0.06887666403671573, 0.6481823017011932, -0.38206902271892096, -0.5721523077991639, 0.3182159685670683, 0.022788260577400722], "Eigen_Value_0.14946252044659447": [0.7934855731676079, -0.10914070808764659, 0.3227454474849652, -0.17754631085343694, 0.4671630384646063, -0.06738197188849093], "Eigen_Value_0.06935459484952079": [0.3346401606949897, -0.09528250184320979, -0.08790758221716392, -0.5163351687878474, -0.753718029486442, -0.1910931453013456], "Eigen_Value_0.023879871753613665": [-0.0030299615245630916, 0.0261592735984582, -0.23182410650762517, 0.21184562205673696, 0.11606959758813504, -0.9419200477275258], "Eigen_Value_0.006954276974131677": [0.37354010362409773, -0.2111631877059365, -0.8158152394529186, 0.28542709619348006, 0.025957604784654986, 0.26111485926914113]}