{"Eigen_Value_4.22484076832011": [0.3615896773814496, -0.656539883285832, -0.5809972798276172, 0.317254547168539], "Eigen_Value_0.2422435716275154": [-0.08226888989221419, -0.729712371326496, 0.5964180879381027, -0.324094352417968], "Eigen_Value_0.07852390809415459": [0.856572105290528, 0.17576740342865482, 0.07252407548696284, -0.47971898732993934], "Eigen_Value_0.023683027126002384": [0.3588439262482156, 0.07470647013503277, 0.5490609107266046, 0.7511205603808224]}