{"sepal length": 7.79368638275165, "sepal width": 1.8998991355968822, "petal length": 73.64296748290647, "petal width": 26.384226549479624, "New Feature 1": 0.01469852911646477, "New Feature 2": 21.89490484225798}